developer,game,setting,engine,genre,visual_style,animation,public_build,latest_version,graphtreon,download_link_windows,download_link_linux,download_link_mac,download_link_android
DarkCookie,Summertime Saga,Contemporary,Ren'Py,VN,2D western,Yes,https://summertimesaga.com/download,0.14.5.2,https://graphtreon.com/creator/summertimesaga,https://mega.nz/#!FapFHDKa!7Okb9XU-LrMkC926oTPEzOKWJfZKwqQkHyxoHHcSPCc,https://mega.nz/#!FapFHDKa!7Okb9XU-LrMkC926oTPEzOKWJfZKwqQkHyxoHHcSPCc,https://mega.nz/#!YGYhlLIY!d7DANgpW8yYoBXYJRqREt7l-QmqEBN0Ln570GwtphNk,https://mega.nz/#!5bpHRACJ!UxCI1gW9CPPTwoHkJ_fNhkyxEmepPqbddQ-fNRY8Ths
Redamz,Monster Girl Island,Fantasy,Unity,Adventure,3D anime,Yes,https://redamz.itch.io/monstergirlisland,11/16/15,https://graphtreon.com/creator/monstergirlisland,Non-static link,Non-static link,Non-static link,
Fenoxo Fenfen,Trials in Tainted Space,Sci-fi,Flash,RPG,Text,No,https://www.fenoxo.com/play-games/,0.7.123,https://graphtreon.com/creator/user?u=121401,https://www.fenoxo.com/play/latest_download.php,https://www.fenoxo.com/play/latest_download.php,https://www.fenoxo.com/play/latest_download.php,https://www.fenoxo.com/play/latest_apkarm.php
MrDots Games,Dating my Daughter,Contemporary,Ren'Py,VN,3D DAZ renders,Yes,Paid Builds,,https://graphtreon.com/creator/mrdotsgames,,,,
Palmer,Daughter for Dessert,Contemporary,Other,VN,3D DAZ renders,Yes,Paid Builds,,https://graphtreon.com/creator/palmer,,,,
Palmer,Play with Us!,Contemporary,Other,VN,3D DAZ renders,No,https://www.patreon.com/posts/14119009,Doesn’t version,https://graphtreon.com/creator/palmer,http://love-joint-games.com/PWU_ep2/public/download/,Doesn’t support,Doesn’t support,
Palmer,Emily: Homecoming,Contemporary,Adrift,VN,3D DAZ renders,No,https://www.patreon.com/posts/4797289,Doesn’t version,https://graphtreon.com/creator/palmer,https://www.patreon.com/file?h=4797289&i=357619,Doesn’t support,Doesn’t support,
The SimBro team,SimBro,Contemporary,Flash,Adventure/Brothel,2D anime,Yes,http://simbrodev.blogspot.com/p/play-simbro-latest-build.html,Doesn’t version,https://graphtreon.com/creator/simbro,http://www.mediafire.com/file/zar7bbxko0tiby5/simbro.exe,Doesn’t support,http://www.mediafire.com/file/kkgmg9rraon8vpp/simbro.dmg,http://www.mediafire.com/file/2eur4w9grvv6iy6/simbro.apk
Team Nimbus,Cloud Meadow,Fantasy,Unity,RPG,2D pixel,Yes,https://www.patreon.com/CloudMeadow/posts?tag=Public+Builds,,https://graphtreon.com/creator/CloudMeadow,,,,
Knot Games,Elana Champion of Lust,Fantasy,Flash,Sandbox,2D anime,Yes,http://elanachampionoflust.blogspot.com/p/games.html,,https://graphtreon.com/creator/elanachampionoflust,,,,
Insexsity_team,Insexsity,Contemporary,Unity,Sandbox/adventure,2D anime,Yes,http://insexsity.com/download.html,0.203,https://graphtreon.com/creator/insexsity,http://insexsity.com/0.265_PC_64_(U).zip,http://insexsity.com/0.265_Linux_64_(U).zip,http://insexsity.com/0.265_Mac_64_(U).zip,http://insexsity.com/0.265_Android_(U).apk
Fek ,Rack 2,Sci-fi,Unity,Sandbox/management,3D stylized,Yes,Paid Builds,,https://graphtreon.com/creator/fek,,,,
Meshed VR,Virt-A-Mate,Contemporary,Other,VR Sim,3D realistic,Yes,https://vrporn.com/virt-a-mate/,,https://graphtreon.com/creator/meshedvr,,,,
Dark Silver,Big Brother,Contemporary,Unity,VN,3D DAZ renders,No,https://mega.nz/#!aFZABRQT!0IXgTlhYRRr7zgK5zv8UhvnrF8CvxVzHGl7Xt4VS618,,https://graphtreon.com/creator/sandlustgames,,,,
Pink Tea Games ,Slave Lords of the Galaxy,Sci-fi,Flash,Trainer,2D anime,Yes,Paid Builds,,https://graphtreon.com/creator/pinktea,,,,
leave2gether,Panthea,Sci-fi,Flash,Adventure/sandbox,2D anime,Yes,https://www.newgrounds.com/portal/view/703007,,https://graphtreon.com/creator/leave2gether,https://uploads.ungrounded.net/703000/703007_leave2gether.swf,https://uploads.ungrounded.net/703000/703007_leave2gether.swf,https://uploads.ungrounded.net/703000/703007_leave2gether.swf,Doesn’t support
Taifun Riders,Space Paws,Sci-fi,Flash,Adventure,2D anime,Yes,http://taifunriders.blogspot.com.es/2017/10/space-paws-v0622-release-for-patrons.html?zx=cf21b27eaf6aed76,,https://graphtreon.com/creator/taifunriders,,,,
Oni,Rogue like,Contemporary fantasy,Ren'Py,Trainer,2D anime,Yes,Paid Builds,,https://graphtreon.com/creator/OniArtist,,,,
PANDORIUM,Pandorium,Sci-fi,Flash,Management/Breeder,2D anime,Yes,https://www.pandorium.online/game/,,https://graphtreon.com/creator/costello,,,,
DerelictHelmsman,Breeders of Nephelym,Fantasy,UE4,Breeder,3D stylized,Yes,https://www.patreon.com/posts/15902008,,https://graphtreon.com/creator/BreedersOfTheNephelym,,,,
Cypress Zeta and Outbreak Games,Snow Daze,Contemporary,Ren'Py,VN,2D anime,No,https://outbreakgames.itch.io/snow-daze-the-music-of-winter,,https://graphtreon.com/creator/cypressz,,,,
Cypress Zeta and Outbreak Games,Overwhored,Fantasy,RPGM,RPG,2D anime,No,https://outbreakgames.itch.io/overwhored,,https://graphtreon.com/creator/cypressz,,,,
Marble Syrup ,Re:maid,Contemporary,Other,VN,2D anime,No,https://www.newgrounds.com/portal/view/669567?id=669567,,https://graphtreon.com/creator/marblesyrup,,,,
Marble Syrup ,Nympho Waifu++,Contemporary,Other,VN,2D anime,No,Paid Builds,,https://graphtreon.com/creator/marblesyrup,,,,
Marble Syrup ,Crusoe Had It Easy,Contemporary,Flash,VN,2D anime,No,https://www.newgrounds.com/portal/view/660850?id=660850,,https://graphtreon.com/creator/marblesyrup,,,,
Arvus Games,Roundscape,Fantasy,RPGM,RPG,2D anime,Yes,Paid Builds,,https://graphtreon.com/creator/Roundscape,,,,
Arvus Games,Uprising ,Contemporary fantasy,RPGM,RPG,2D anime,Yes,Paid Builds,,https://graphtreon.com/creator/Roundscape,,,,
Project Helius ,Fallen Doll,Contemporary,UE4,VR Sim,3D anime,Yes,https://mega.nz/#!HFxHXYbA!0qLNMnRlo_2jElv98B_g3Unqt_d0oEK5iKhD1p_-VF0,,https://graphtreon.com/creator/ProjectH,,,,
MITY,Four Elements Trainer,Fantasy,Ren'Py,Trainer,2D western,Yes,https://www.patreon.com/mity,,https://graphtreon.com/creator/mity,https://mega.nz/#!MiQRHCgb!kgN1v-QMPmaeOkVPWrPnbgS20A-oyGyPvm8B34p6q94,https://mega.nz/#!MiQRHCgb!kgN1v-QMPmaeOkVPWrPnbgS20A-oyGyPvm8B34p6q94,https://mega.nz/#!xnQT0CRa!kxrU0cVyaAU0zcoUW9igCfRAI7Cz0BC6ZNSWw6Jy3SQ,Doesn’t support
Eek! Games,House Party,Contemporary,Unity,Adventure,3D DAZ models,Yes,Paid Builds,0.8.3 ,https://graphtreon.com/creator/eekgames,,,,
Lewdlab,Dreams of Desire,Contemporary,Ren'Py,VN,3D DAZ renders,Yes,https://www.patreon.com/posts/16096607,,https://graphtreon.com/creator/lewdlab,,,,
The Future Fragments Team,Future Fragments,Sci-fi,Other,Platformer,2D pixel,Yes,https://www.newgrounds.com/portal/view/683361?id=683361,,https://graphtreon.com/creator/FutureFragments,,,,
VRT Team,VR Titties,Contemporary,UE4,VR Sim,3D stylized,Yes,Paid Builds,,https://graphtreon.com/creator/vrtitties,,,,
Sunsetriders7 ,Something Unlimited,Contemporary fantasy,Unity,VN,2D comic/cartoon,Yes,On their Discord,,https://graphtreon.com/creator/sunsetriders7,,,,
Octopussy ,The Tower,Fantasy,Flash,RPG,2D anime,Yes,https://mega.nz/#!974UwBha!F3ry_Zot5GY4GEkKg7B73LVES2O540ux50PQIJTS85I,,https://graphtreon.com/creator/Octopussy,,,,
Cuddle Pit ,Con-Quest,Contemporary,Flash,RPG,2D anime,Yes,https://www.newgrounds.com/portal/view/702720,,https://graphtreon.com/creator/cuddlepitgames,,,,
PGSPOTSTUDIOS,The Legend of Lust,Fantasy,Flash,VN,2D anime,Yes,http://www.pgspotstudios.com/productions/thelegendoflust/game/TheLegendofLUST.zip,,https://graphtreon.com/creator/PGSPOTSTUDIOS,,,,
David Goujard,Behind the Dune,Sci-fi fantasy,Flash,VN,2D western,Yes,http://davidgoujard.com/btd.html,,https://graphtreon.com/creator/balsamique,,,,
Eva Kiss ,Good Girl Gone Bad,Contemporary,Ren'Py,VN,2D vector,No,Paid Builds,,https://graphtreon.com/creator/Evakiss,,,,
ViperV,Divine Arms,Fantasy,Flash,Action RPG,2D anime,Yes,https://www.dropbox.com/sh/be5t7jp4f6cgsya/AACPLwEAUTD0lrl-Pk6ZWJVNa?dl=0,,https://graphtreon.com/creator/viperv,,,,
The Majalis Duo,Tales of Androgyny,Fantasy,Java,Roguelite,2D anime,Yes,https://majalis.itch.io/tales-of-androgyny,,https://graphtreon.com/creator/Majalis,,,,
Eromancer,Malise and the Machine,Sci-fi,RPGM,RPG,3D DAZ renders,Yes,Paid Builds,,https://graphtreon.com/creator/eromancer,,,,
SweGabe,Legend of Queen Opala,Fantasy,RPGM,RPG,2D anime,No,Paid Builds,,https://graphtreon.com/creator/GabeWork,,,,
DyneWulf ,Extracurricular Activities,Contemporary,Ren'Py,VN,2D Furry,No,https://dynewulf.itch.io/extracurricular-activities,,https://graphtreon.com/creator/dk999,,,,
Adeptus Steve,Wild Life,Fantasy,UE4,Action RPG,3D stylized,Yes,https://drive.google.com/open?id=15f13815QK3fwycfCzCgoWfW1NnjrV43Y,,https://graphtreon.com/creator/adeptussteve,,,,
GDS,Chloe18 ,Contemporary,Other,VN,3D DAZ renders,Yes,https://gds-games.com/chloe18/chloe18-public-version,,https://graphtreon.com/creator/GDSgames,,,,
GeeSeki,A Town Uncovered,Contemporary,Ren'Py,VN,2D western,Yes,https://www.patreon.com/posts/alpha-0-12-15056439,,https://graphtreon.com/creator/GeeSekiVN,,,,
Vortex00,Umichan Maiko Classroom Havoc,Contemporary,Flash,Adventure,2D anime,Yes,http://spiralvortexplay.com/svp/umichan-maiko-classroom-havoc/,,https://graphtreon.com/creator/vortex00,,,,
Vortex00,Advanced Rogue Intelligence Assault ,Sci-fi,Flash,RTS,2D anime,Yes,http://spiralvortexplay.com/svp/flash/advanced-rogue-intelligence-assault-aria/,,https://graphtreon.com/creator/vortex00,,,,
Vortex00,Umichan Sentoryu,Contemporary,Flash,VN,2D anime,Yes,http://spiralvortexplay.com/svp/umichan-sentoryu/,,https://graphtreon.com/creator/vortex00,,,,
Vortex00,ARIA: The Rookie,Contemporary,Flash,VN,2D anime,Yes,http://spiralvortexplay.com/svp/aria-the-rookie/,,https://graphtreon.com/creator/vortex00,,,,
YummyTiger,Aylia's story,Fantasy,RPGM,RPG,2D anime,No,Paid Builds,,https://graphtreon.com/creator/YummyTiger,,,,
Towerfag and his Team,Kingdom: Conquest,Fantasy,RPGM,RPG,2D anime,Yes,https://towerfag.itch.io/towergirls,,https://graphtreon.com/creator/towerKC,,,,
Strumpets,Strumpets,Fantasy,Flash,Brothel Sim,2D anime,Yes,https://www.newgrounds.com/portal/view/703761,,https://graphtreon.com/creator/strumpets,,,,
KsT ,The Twist,Contemporary,Unity,VN,3D stylized,Yes,Paid Builds,,https://graphtreon.com/creator/kstgames,,,,
VAULTMAN ,Camp Pinewood,Contemporary,Unity,VN,2D western,No,https://drive.google.com/open?id=1tz2R5c6EIGVit7PfUM3BWvk2bMcPE-kj,,https://graphtreon.com/creator/VaultMan,,,,
Splendid Ostrich,Newlife,Contemporary,Java,Life Sim,Text,No,https://mega.nz/#!FE4wFZwT!ueVG25-6FaWOOijCWsszWWrWnVEmnIvA-wvKdmcxftM,,https://graphtreon.com/creator/splendidostrich,,,,
Sexums ,Soo Cubus,Contemporary fantasy,Flash,RPG,2D pixel,Yes,http://sexumsss.blogspot.ca/p/soo-cubus.html,,https://graphtreon.com/creator/sexums,,,,
Sexums ,Simply Mindy,Contemporary,Flash,RPG,2D pixel,Yes,http://sexumsss.blogspot.ca/p/simply-mindy-010.html,,https://graphtreon.com/creator/sexums,,,,
Dudedle Studio,KemoColliseum,Fantasy,Other,Match Three,2D anime,Yes,https://www.patreon.com/posts/kemo-coliseum-0-14878888,,https://graphtreon.com/creator/kemocoliseum,,,,
Sabu,Sex-Arcade: The Game,Contemporary fantasy,Other,Management,2D western,Yes,Paid Builds,,https://graphtreon.com/creator/sabugames,,,,
ICSTOR ,Incest Story,Contemporary,RPGM,Adventure,3D DAZ renders,No,http://icstor.com/in-c-story/,,https://graphtreon.com/creator/icstor,,,,
ICSTOR ,Incest Story 2,Contemporary,RPGM,Adventure,3D DAZ renders,No,Paid Builds,,https://graphtreon.com/creator/icstor,,,,
ICSTOR ,Milf's Villa ,Contemporary,RPGM,Adventure,3D DAZ renders,No,Paid Builds,,https://graphtreon.com/creator/icstor,,,,
ICSTOR ,Milf's Control,Contemporary,RPGM,Adventure,3D DAZ renders,No,http://icstor.com/milfs-control/,,https://graphtreon.com/creator/icstor,,,,
ICSTOR ,Taboo Request,Contemporary,RPGM,Adventure,3D DAZ renders,No,http://icstor.com/minigames/tb-preview/,,https://graphtreon.com/creator/icstor,,,,
ICSTOR ,Robot's Touch,Sci-fi,RPGM,Adventure,3D DAZ renders,No,http://icstor.com/minigames/robots-touch/,,https://graphtreon.com/creator/icstor,,,,
Hreinn Games,Kingdom of Deception,Fantasy,Ren'Py,RPG,2D anime,No,http://hreinngames.blogspot.com/p/noxian-nights.html?zx=f24eead540c575f5,,https://graphtreon.com/creator/hreinngames,,,,
ZnelArts,La Douche,Contemporary,Other,VR Sim,3D stylized,Yes,https://vrporn.com/la-douche-beta-12-demo/,,https://graphtreon.com/creator/ZnelArts,,,,
ZnelArts,Villain Simulator,Contemporary fantasy,Other,VR Sim,3D stylized,Yes,Paid Builds,,https://graphtreon.com/creator/ZnelArts,,,,
ZnelArts,Sexy Fighter,Contemporary,Unity,Beat 'em up,3D stylized,Yes,Paid Builds,,https://graphtreon.com/creator/ZnelArts,,,,
Gumdrop,Dual Family,Contemporary,Ren'Py,VN,3D DAZ renders,No,https://gamejolt.com/games/dualfamily/266449,,https://graphtreon.com/creator/gumdropgames,,,,
Exiscoming,Orange Trainer,Sci-fi fantasy,Ren'Py,Trainer,2D western,No,https://www.patreon.com/exiscoming,,https://graphtreon.com/creator/exiscoming,,,,
Sierra Lee,The Last Sovereign,Fantasy,RPGM,RPG,2D anime,No,http://the-last-sovereign.blogspot.com/,,https://graphtreon.com/creator/sierralee,,,,
Sierra Lee,Crimson Gray,Contemporary,Ren'Py,VN,2D anime,No,B2P,,https://graphtreon.com/creator/sierralee,,,,
Sierra Lee,Ouroboros,Fantasy,RPGM,RPG,2D anime,No,B2P,,https://graphtreon.com/creator/sierralee,,,,
Faerin,Man of the House,Contemporary,Unity,VN,3D DAZ renders,No,Paid Builds,,https://graphtreon.com/creator/faerin,,,,
Night City Productions,SuperPowered,Contemporary,Ren'Py,RPG,3D DAZ renders,No,http://www.hypnopics-collective.net/smf_forum/index.php?topic=21072,,https://graphtreon.com/creator/NightCity,,,,
Stratovarius,The Northwood Lair,Fantasy,Unity,VN,3D anime,Yes,Paid Builds,,https://graphtreon.com/creator/Stratovarius,,,,
Stratovarius,Deep Blue,Fantasy,Unity,VN,3D anime,Yes,Paid Builds,,,,,,
Stratovarius,H! Mate,Contemporary,Unity,VN,3D anime,Yes,https://graphtreon.com/creator/Stratovarius,,https://graphtreon.com/creator/Stratovarius,,,,
LOK Team,Legend of Krystal Rebirth,Fantasy,Other,Adventure,2D anime,Yes,https://www.patreon.com/kuja,,https://graphtreon.com/creator/kuja,,,,
T4bbo,Babysitter,Contemporary,Ren'Py,VN,3D DAZ renders,No,https://www.patreon.com/posts/babysitter-v-0-0-15208557,,https://graphtreon.com/creator/T4bbo,,,,
Mithos56,Magical Investigation of Meridiana,Fantasy,UE4,Action adventure,3D stylized,Yes,Paid Builds,,https://graphtreon.com/creator/Mithos56,,,,
Lord Arioch,Seeds of Chaos,Fantasy,Ren'Py,VN,2D anime,No,Paid Builds,,https://graphtreon.com/creator/LordArioch,,,,
SexForge,SexForce,Fantasy,Other,Management/Breeder,2D anime,Yes,Paid Builds,,https://graphtreon.com/creator/sexforge,,,,
Maverik,Strive for Power,Fantasy,Other,Slave management,2D anime,No,https://strive4power.itch.io/strive-for-power,,https://graphtreon.com/creator/maverik,,,,
wolfzq ,Cursed Armor,Fantasy,RPGM,RPG,2D anime,No,https://www.patreon.com/wolfzq,,https://graphtreon.com/creator/wolfzq,,,,
Luxee,Parental Love,Contemporary,Ren'Py,VN,3D DAZ renders,No,Paid Builds,,https://graphtreon.com/creator/Luxee,,,,
Beggar Of Net ,My New Life,Contemporary,RPGM,Adventure,3D DAZ renders,Yes,https://mega.nz/#!5RkSnYSJ!d4-R8kNo9QoCTTlMLqQNhsLZA_0BFQpWoLmDn6XftLI,,https://graphtreon.com/creator/Beggarofnet,,,,
Sorrow,Rad Science,Contemporary,Ren'Py,VN,3D DAZ renders,No,Paid Builds,,https://graphtreon.com/creator/ChangingGames,,,,
Pokkaloh Team,Mozzoloh,Fantasy,Flash,Adventure,2D anime,No,https://www.newgrounds.com/portal/view/702083,,https://graphtreon.com/creator/pokkaloh,,,,
Pokkaloh Team,Pokkaloh,Fantasy,Flash,Adventure,2D anime,No,https://www.newgrounds.com/portal/view/694990?id=694990,,https://graphtreon.com/creator/pokkaloh,,,,
Winged Cloud,Sakura Magical Girls,Contemporary fantasy,Ren'Py,VN,2D anime,No,B2P,,https://graphtreon.com/creator/wingedcloud,,,,
Winged Cloud,Sakura Agent,Contemporary fantasy,Ren'Py,VN,2D anime,No,B2P,,https://graphtreon.com/creator/wingedcloud,,,,
Winged Cloud,Sakura Maid Series,Contemporary fantasy,Ren'Py,VN,2D anime,No,B2P,,https://graphtreon.com/creator/wingedcloud,,,,
Winged Cloud,Sakura Halloween,Contemporary fantasy,Ren'Py,VN,2D anime,No,B2P,,https://graphtreon.com/creator/wingedcloud,,,,
Vren,Lab Rats,Contemporary,Ren'Py,VN,3D HS renders,No,https://www.patreon.com/vrengames,,https://graphtreon.com/creator/vrengames,,,,
SP3KTR3,Pussymon,Fantasy,Flash,Adventure,2D anime,No,https://www.newgrounds.com/search/summary?suitabilities=a&terms=pussymon,,https://graphtreon.com/creator/sp3ktr3,,,,
ThaumX,Accidental Woman,Contemporary,HTML,Text CYOA,Text,No,https://www.thaumx.com/blank-5,,https://graphtreon.com/creator/thaumx,,,,
Aika,Trap Quest,Fantasy,Other,Text CYOA,Text,No,http://trapquest.com/,,https://graphtreon.com/creator/trapquest,,,,
Aftermath Team,The Allure of Wanton Cove,Contemporary fantasy,HTML,Text CYOA,Text,No,https://www.tfgamessite.com/index.php?module=viewgame&id=533,,https://graphtreon.com/creator/aftermathteam,,,,
Aftermath Team,Inheritance,Contemporary,HTML,Text CYOA,Text,No,https://www.tfgamessite.com/index.php?module=viewgame&id=1151,,https://graphtreon.com/creator/aftermathteam,,,,
Enlit3D,Heroine Rumble,Contemporary,Other,Fighting,3D anime,Yes,http://www.mediafire.com/file/xkyj972zovqq30h/HeroineRumble+v0.521+public.7z,,https://graphtreon.com/creator/enlit3d,,,,
Latissa,Library Story,Fantasy,Ren'Py,VN,2D western,No,Paid Builds,,https://graphtreon.com/creator/latissa,,,,
Doxy,Sexena,Fantasy,Other,RPG,2D anime,No,Paid Builds,,https://graphtreon.com/creator/doxygames,,,,
Doxy,Uddertale,Fantasy,Other,Adventure,2D anime,No,Paid Builds,,https://graphtreon.com/creator/doxygames,,,,
Doxy,Jenni: Wrong Number,Contemporary,HTML,VN,2D anime,No,Paid Builds,,https://graphtreon.com/creator/doxygames,,,,
Doxy,Jenni's New Friend,Contemporary,HTML,VN,2D anime,No,Paid Builds,,https://graphtreon.com/creator/doxygames,,,,
Doxy,GroperWatch,Sci-fi fantasy,Other,VN,2D anime,Yes,Paid Builds,,https://graphtreon.com/creator/doxygames,,,,
Westane,The Company,Contemporary,HTML,Text CYOA,Text,No,Paid Builds,,https://graphtreon.com/creator/westane,,,,
Hogswild Prasetto,Bonfire,Fantasy,Unity,Adventure,3D stylized,Yes,https://www.patreon.com/bonfire,,https://graphtreon.com/creator/bonfire,,,,
Inceton Games,My Sister Mia ,Contemporary,RPGM,Adventure,3D DAZ renders,No,https://www.patreon.com/Sad_Crab,,,,,,
Inceton Games,Corrupting Jennifer,Contemporary,RPGM,Adventure,3D DAZ renders,No,https://graphtreon.com/creator/Sad_Crab,,https://graphtreon.com/creator/Inceton,,,,
Boko877,Girl Beats Hero,Fantasy,RPGM,RPG,3D anime renders,Yes,Paid Builds,,https://graphtreon.com/creator/boko877,,,,
Sissy Maker,Sissy Maker,Contemporary,Other,VN,2D anime,No,https://www.patreon.com/sissymaker,,https://graphtreon.com/creator/sissymaker,,,,
Khralzar,Shades of Elysium,Contemporary fantasy,UE4,RPG,3D stylized,Yes,https://www.patreon.com/posts/shades-of-game-1-8631049,,https://graphtreon.com/creator/Khralzar,,,,
April Ry,Perverted Education,Contemporary,HTML,Text CYOA,Text,No,Paid Builds,,https://graphtreon.com/creator/user?u=4901932,,,,
Skunkfrakker & Veelicious ,Besti,Fantasy,Other,VR Sim,3D stylized,Yes,Paid Builds,,https://graphtreon.com/creator/skunkfrakker,,,,
Dystopian Project,CLAIRE'S QUEST,Fantasy,RPGM,Adventure,2D anime,No,https://www.patreon.com/dystopianproject,,https://graphtreon.com/creator/dystopianproject,,,,
mdqp,"Caliross, The Shapeshifter's Legacy",Fantasy,RPGM,RPG,2D anime,No,https://mega.nz/#!BN4Q0D7L!wJ4eqd6f3aJR_WFzJF3KEDngbvgc7JfOdXNKAk6eiho,,https://graphtreon.com/creator/user?u=3591468,,,,
irredeemable,Teacher's Pets,Contemporary,Ren'Py,VN,3D DAZ renders,Yes,Paid Builds,,https://graphtreon.com/creator/irredeemable,,,,
Innoxia ,Lilith's Throne ,Fantasy,Java,RPG,Text (UI icons),No,https://lilithsthrone.blogspot.co.uk/?zx=8f7703d260afbe56,,https://graphtreon.com/creator/innoxia,,,,
VirtuousDevelopment,Venture Seas,Fantasy,Java,VN,2D anime,Yes,http://virtuousdevelopment.com/wp/games/,,https://graphtreon.com/creator/VentureSeas,,,,
Heaven Studios,FLEETING IRIS,Fantasy,RPGM,RPG,2D anime,No,https://www.patreon.com/heavenstudios,,https://graphtreon.com/creator/heavenstudios,,,,
oxopotion,Poke Abby,Fantasy,Unity,Sex Sim,3D stylized,Yes,https://oxopotion.itch.io/poke-abby,,https://graphtreon.com/creator/oxopotion,,,,
Darot Games,Brothel City ,Fantasy,Unity,Management,2D western,No,https://www.patreon.com/file?h=15716219&i=1636129,,https://graphtreon.com/creator/darotgames,,,,
Tora Productions,Dreaming with Elsa,Contemporary,HTML,VN,3D DAZ renders,No,http://www.mediafire.com/file/e3o1n7ru73vmj9l/DwE.zip,,https://graphtreon.com/creator/tora,,,,
Tora Productions,Redemption for Jessika,Contemporary,HTML,VN,3D DAZ renders,No,http://www.mediafire.com/file/t21ijc3xjwo5tga/RfJ.zip,,https://graphtreon.com/creator/tora,,,,
Tora Productions,Finding Miranda,Contemporary,HTML,VN,3D DAZ renders,No,http://www.mediafire.com/file/maidcaieofkctdg/FM.zip,,https://graphtreon.com/creator/tora,,,,
ICCreations,IC in Paradise,Contemporary,RPGM,Adventure,3D DAZ renders,No,Paid Builds,,https://graphtreon.com/creator/iccreations,,,,
3Diddly Games ‘n Comics,Katie's Corruption,Contemporary,Ren'Py,VN,3D DAZ renders,No,Paid Builds,,https://graphtreon.com/creator/3Diddly,,,,
Crescentia,Deathblight RPG,Fantasy,RPGM,RPG,2D anime,No,http://wolfenstahl.blogspot.com/2017/10/polished-alpha-31-released-on-patreon.html,,https://graphtreon.com/creator/deathblight,,,,
Oppai Games,Quickie Mai,Contemporary,Flash,VN,2D anime,Yes,https://www.comdotgame.com/play/quickie-mai,,https://graphtreon.com/creator/oppaigames,,,,
Oppai Games,Quickie Reika,Contemporary,Flash,VN,2D anime,Yes,https://www.newgrounds.com/portal/view/701808,,https://graphtreon.com/creator/oppaigames,,,,
Oppai Games,Quickie Sara,Contemporary,Flash,VN,2D anime,Yes,https://www.comdotgame.com/play/quickie-sara,,https://graphtreon.com/creator/oppaigames,,,,
Oppai Games,Quickie Satomi,Contemporary,Flash,VN,2D anime,Yes,https://www.newgrounds.com/portal/view/698650?id=698650,,https://graphtreon.com/creator/oppaigames,,,,
Mikkoukun,Camp Buddy,Contemporary,Other,VN,2D anime,No,https://www.patreon.com/mikkoukun,,https://graphtreon.com/creator/mikkoukun,,,,
Erodraw,Harem Villa,Contemporary,Unity,VN,3D DAZ renders,No,http://eroniverse.com/harem-villa/,,https://graphtreon.com/creator/haremvilla,,,,
Unlikely,Hard Times in Hornsville,Contemporary,Unity,Text CYOA,3D DAZ renders,No,http://hornsville.com/,,https://graphtreon.com/creator/hornsville,,,,
Anon42,Crisis Point: Extinction,Sci-fi,Other,Platformer,2D anime,Yes,Paid Builds,,https://graphtreon.com/creator/Anon42,,,,
Ker,Harem,Fantasy,RPGM,RPG,3D anime renders,No,https://drive.google.com/file/d/0B3KuKjSbH2FhcE83OTIzUTdrQUE/view,,https://graphtreon.com/creator/user?u=2583450,,,,
The Cathouse Tale Team,Cathouse Tale,Contemporary fantasy,Unity,RPG,3D stylized,Yes,https://www.patreon.com/thecathousetale/posts?tag=Game%20Download,,https://graphtreon.com/creator/thecathousetale,,,,
SelectaCorp ,Exec2Sec: Suits to Skirts,Contemporary,Flash,Management,Photos,No,http://selectacorp.dk/wordpress/selectacorp-games/exec2sec-guide/,,https://graphtreon.com/creator/SelectaCorp,,,,
SelectaCorp ,State of the Union,Contemporary,Flash,Management,Photos,No,http://selectacorp.dk/wordpress/selectacorp-games/sotu/,,https://graphtreon.com/creator/SelectaCorp,,,,
SelectaCorp ,Mysteria Lane,Contemporary,Flash,Management,Photos,No,http://selectacorp.dk/wordpress/selectacorp-games/201-2/,,https://graphtreon.com/creator/SelectaCorp,,,,
Nverjos,The Coceter Chronicles,Fantasy,RPGM,RPG,3D DAZ renders,No,link=ded,,https://graphtreon.com/creator/nverjos,,,,
pinoytoons,Rogue Courier,Sci-fi,Flash,Action RPG,2D anime,Yes,http://roguecourier.com/play/,,https://graphtreon.com/creator/pinoytoons,,,,
Pandelo,My Sweet Neighbors,Contemporary,Ren'Py,VN,3D DAZ renders,No,Paid Builds,,https://graphtreon.com/creator/pandelo,,,,
GreonoGames,Two Sides,Contemporary,Unity,VN,3D DAZ renders,Yes,https://www.patreon.com/greonogames,,https://graphtreon.com/creator/greonogames,,,,
Bane ,Blackgate,Contemporary fantasy,Other,VN,2D western,No,https://www.patreon.com/blackgategame,,https://graphtreon.com/creator/blackgategame,,,,
Lithier,My Very Own Lith,Contemporary fantasy,Flash,Text CYOA,2D anime,No,https://www.patreon.com/Lithier/posts?tag=Public%20Version,,https://graphtreon.com/creator/Lithier,,,,
Indivi ,Lust Doll,Sci-fi fantasy,RPGM,RPG,2D anime,No,https://mega.nz/#!DA8XkLpS!1fL4ZWALQ6lLjdA0bxGwd4hCPJCo6Y-oeuqBASsPrIQ,,https://graphtreon.com/creator/indivi,,,,
Cesar,Urban Voyeur,Contemporary,Other,VN,3D DAZ renders,No,http://www.urbanvoyeur.co/,,https://graphtreon.com/creator/cesargames,,,,
HTH Studios,High Tail Hall,Fantasy,Unity,RPG,2D anime,No,Paid Builds,,https://graphtreon.com/creator/HTHStudios,,,,
Kravenar Games Team,The Legend of Versyl,Fantasy,RPGM,RPG,3D DAZ renders,No,Paid Builds,,https://graphtreon.com/creator/kravenar,,,,
Brozeks&Co ,The Magus Lab,Fantasy,Unity,RPG,2D western,Yes,https://www.newgrounds.com/portal/view/695394?id=695394,,https://graphtreon.com/creator/maguslab,,,,
Little Napoleon,Changeling Tale,Fantasy,Ren'Py,VN,2D anime,No,https://www.patreon.com/LittleNapoleon,,https://graphtreon.com/creator/LittleNapoleon,,,,
Dusky Hallows,Sanguine Rose,Fantasy,Flash,VN,2D western,No,https://www.newgrounds.com/portal/view/699845,,https://graphtreon.com/creator/SanguineRose,,,,
PEdev,Porn Empire,Contemporary,Godot,Management,2D western,No,https://www.patreon.com/pornempire,,https://graphtreon.com/creator/pornempire,,,,
坑神newface,Evil Goddess,Fantasy,RPGM,RPG,2D anime,No,Paid Builds,,https://graphtreon.com/creator/EvilGoddess,,,,
Love in Space,Shining Song Starnova,Contemporary,Ren'Py,VN,2D anime,No,B2P,,https://graphtreon.com/creator/loveinspace,,,,
Daniels K.,Stranded with Benefits,Contemporary,RPGM,Adventure,3D DAZ renders,No,Paid Builds,,https://graphtreon.com/creator/StrandedWithBenefits,,,,
Daniels K.,My Girlfriend's Amnesia,Contemporary,RPGM,Adventure,3D DAZ renders,No,Paid Builds,,https://graphtreon.com/creator/StrandedWithBenefits,,,,
Daniels K.,The Imaginarium,Contemporary,RPGM,Adventure,3D DAZ renders,No,Paid Builds,,,,,,
